time_myr,M_sw_mol,delta_sw_permil,f_silicate,f_carbonate,flux_multiplier,delta_river_permil
0.0,7.3e+19,0.7734945859505511,0.6989910455619387,0.3010089544380613,1.0,-0.3816143271008981
0.01002004008016032,7.3e+19,0.7739411156919522,0.6996624181552522,0.3003375818447478,1.0,-0.38054013095159644
0.02004008016032064,7.3e+19,0.7743881277104191,0.7003337907485657,0.2996662092514343,1.0,-0.37946593480229485
0.030060120240480964,7.3e+19,0.7748356216353869,0.7010051633418792,0.29899483665812077,1.0,-0.37839173865299325
0.04008016032064128,7.3e+19,0.7752835970965536,0.7016765359351926,0.29832346406480736,1.0,-0.37731754250369176
0.05010020040080161,7.3e+19,0.7757320537238662,0.7023479085285061,0.29765209147149385,1.0,-0.37624334635439016
0.06012024048096193,7.3e+19,0.7761809911476333,0.7030192811218197,0.29698071887818034,1.0,-0.37516915020508856
0.07014028056112225,7.3e+19,0.77663040899845,0.7036906537151332,0.2963093462848668,1.0,-0.3740949540557869
0.08016032064128256,7.3e+19,0.7770803069071922,0.7043620263084467,0.2956379736915533,1.0,-0.3730207579064853
0.09018036072144289,7.3e+19,0.7775306845050158,0.7050333989017602,0.2949666010982398,1.0,-0.37194656175718366
0.10020040080160322,7.3e+19,0.7779815414233573,0.7057047714950737,0.2942952285049263,1.0,-0.37087236560788206
0.11022044088176353,7.3e+19,0.7784328772939338,0.7063761440883872,0.2936238559116128,1.0,-0.36979816945858046
0.12024048096192386,7.3e+19,0.7788846917487425,0.7070475166817006,0.2929524833182994,1.0,-0.368723973309279
0.1302605210420842,7.3e+19,0.7793369844200615,0.7077188892750141,0.29228111072498586,1.0,-0.3676497771599774
0.1402805611222445,7.3e+19,0.7797897549404487,0.7083902618683277,0.29160973813167235,1.0,-0.3665755810106758
0.15030060120240482,7.3e+19,0.7802430029427428,0.7090616344616412,0.29093836553835883,1.0,-0.3655013848613741
0.16032064128256512,7.3e+19,0.7806967280600633,0.7097330070549547,0.2902669929450453,1.0,-0.3644271887120725
0.17034068136272545,7.3e+19,0.7811509299258094,0.7104043796482682,0.2895956203517318,1.0,-0.36335299256277087
0.18036072144288579,7.3e+19,0.781605608173661,0.7110757522415817,0.2889242477584183,1.0,-0.3622787964134693
0.1903807615230461,7.3e+19,0.7820607624375788,0.7117471248348951,0.2882528751651049,1.0,-0.36120460026416784
0.20040080160320645,7.3e+19,0.7825163923518035,0.7124184974282086,0.2875815025717914,1.0,-0.3601304041148662
0.21042084168336675,7.3e+19,0.7829724975508563,0.7130898700215221,0.28691012997847787,1.0,-0.3590562079655646
0.22044088176352705,7.3e+19,0.7834290776695391,0.7137612426148356,0.28623875738516436,1.0,-0.357982011816263
0.23046092184368738,7.3e+19,0.7838861323429338,0.7144326152081492,0.28556738479185084,1.0,-0.35690781566696134
0.2404809619238477,7.3e+19,0.7843436612064031,0.7151039878014627,0.28489601219853733,1.0,-0.35583361951765974
0.250501002004008,7.3e+19,0.78480166389559,0.7157753603947762,0.2842246396052238,1.0,-0.3547594233683581
0.2605210420841684,7.3e+19,0.785260140046418,0.7164467329880897,0.2835532670119103,1.0,-0.3536852272190565
0.27054108216432865,7.3e+19,0.7857190892950909,0.7171181055814031,0.2828818944185969,1.0,-0.35261103106975505
0.280561122244489,7.3e+19,0.786178511278093,0.7177894781747166,0.2822105218252834,1.0,-0.3515368349204534
0.29058116232464926,7.3e+19,0.786638405632189,0.7184608507680301,0.2815391492319699,1.0,-0.3504626387711518
0.30060120240480964,7.3e+19,0.7870987719944241,0.7191322233613436,0.28086777663865636,1.0,-0.3493884426218502
0.31062124248497,7.3e+19,0.7875596100021239,0.7198035959546571,0.28019640404534285,1.0,-0.34831424647254855
0.32064128256513025,7.3e+19,0.7880209192928945,0.7204749685479707,0.27952503145202934,1.0,-0.34724005032324695
0.3306613226452906,7.3e+19,0.7884826995046224,0.7211463411412842,0.2788536588587158,1.0,-0.3461658541739453
0.3406813627254509,7.3e+19,0.788944949485607,0.7218177137345976,0.2781822862654024,1.0,-0.34509165802464387
0.35070140280561124,7.3e+19,0.789407666627595,0.7224890863279111,0.2775109136720889,1.0,-0.34401746187534227
0.36072144288577157,7.3e+19,0.789870851277701,0.7231604589212246,0.2768395410787754,1.0,-0.3429432657260406
0.3707414829659319,7.3e+19,0.7903345040083853,0.7238318315145381,0.2761681684854619,1.0,-0.341869069576739
0.3807615230460922,7.3e+19,0.7907986253769033,0.7245032041078516,0.27549679589214837,1.0,-0.3407948734274374
0.3907815631262525,7.3e+19,0.7912632159253049,0.7251745767011651,0.27482542329883486,1.0,-0.33972067727813576
0.4008016032064129,7.3e+19,0.7917282761804348,0.7258459492944787,0.27415405070552135,1.0,-0.33864648112883416
0.41082164328657317,7.3e+19,0.7921938066539328,0.7265173218877922,0.27348267811220783,1.0,-0.3375722849795325
0.4208416833667335,7.3e+19,0.792659807842233,0.7271886944811056,0.27281130551889443,1.0,-0.3364980888302311
0.4308617234468938,7.3e+19,0.7931262802265645,0.7278600670744191,0.2721399329255809,1.0,-0.3354238926809295
0.4408817635270541,7.3e+19,0.7935932242729512,0.7285314396677326,0.2714685603322674,1.0,-0.3343496965316278
0.45090180360721444,7.3e+19,0.7940606404322118,0.7292028122610461,0.2707971877389539,1.0,-0.33327550038232623
0.46092184368737477,7.3e+19,0.7945285291399596,0.7298741848543596,0.2701258151456404,1.0,-0.33220130423302463
0.4709418837675351,7.3e+19,0.7949968908166029,0.7305455574476731,0.26945444255232687,1.0,-0.331127108083723
0.4809619238476954,7.3e+19,0.7954657258673444,0.7312169300409866,0.26878306995901335,1.0,-0.3300529119344214
0.4909819639278557,7.3e+19,0.7959350346821821,0.7318883026343,0.26811169736569995,1.0,-0.32897871578511995
0.501002004008016,7.3e+19,0.7964048176359082,0.7325596752276136,0.26744032477238644,1.0,-0.3279045196358183
0.5110220440881764,7.3e+19,0.7968750750881103,0.7332310478209271,0.2667689521790729,1.0,-0.3268303234865167
0.5210420841683367,7.3e+19,0.7973458073831702,0.7339024204142406,0.2660975795857594,1.0,-0.32575612733721504
0.531062124248497,7.3e+19,0.7978170148502647,0.7345737930075541,0.2654262069924459,1.0,-0.32468193118791344
0.5410821643286573,7.3e+19,0.7982886978033653,0.7352451656008676,0.2647548343991324,1.0,-0.32360773503861184
0.5511022044088177,7.3e+19,0.7987608565412386,0.7359165381941811,0.2640834618058189,1.0,-0.3225335388893102
0.561122244488978,7.3e+19,0.7992334913474456,0.7365879107874946,0.26341208921250536,1.0,-0.3214593427400086
0.5711422845691383,7.3e+19,0.7997066024903421,0.737259283380808,0.26274071661919196,1.0,-0.32038514659070716
0.5811623246492985,7.3e+19,0.8001801902230788,0.7379306559741216,0.26206934402587845,1.0,-0.3193109504414055
0.591182364729459,7.3e+19,0.8006542547836012,0.7386020285674351,0.26139797143256494,1.0,-0.3182367542921039
0.6012024048096193,7.3e+19,0.8011287963946495,0.7392734011607486,0.2607265988392514,1.0,-0.31716255814280225
0.6112224448897795,7.3e+19,0.8016038152637585,0.7399447737540621,0.2600552262459379,1.0,-0.31608836199350065
0.62124248496994,7.3e+19,0.8020793115832581,0.7406161463473756,0.2593838536526244,1.0,-0.31501416584419906
0.6312625250501002,7.3e+19,0.8025552855302728,0.7412875189406891,0.2587124810593109,1.0,-0.3139399696948974
0.6412825651302605,7.3e+19,0.8030317372667218,0.7419588915340025,0.2580411084659975,1.0,-0.31286577354559597
0.6513026052104209,7.3e+19,0.8035086669393192,0.742630264127316,0.25736973587268397,1.0,-0.3117915773962944
0.6613226452905812,7.3e+19,0.803986074679574,0.7433016367206295,0.25669836327937046,1.0,-0.3107173812469927
0.6713426853707415,7.3e+19,0.8044639606037894,0.7439730093139431,0.25602699068605694,1.0,-0.3096431850976911
0.6813627254509018,7.3e+19,0.8049423248130642,0.7446443819072566,0.25535561809274343,1.0,-0.30856898894838947
0.6913827655310621,7.3e+19,0.8054211673932913,0.7453157545005701,0.2546842454994299,1.0,-0.30749479279908787
0.7014028056112225,7.3e+19,0.8059004884151586,0.7459871270938836,0.2540128729061164,1.0,-0.30642059664978627
0.7114228456913828,7.3e+19,0.8063802879341488,0.7466584996871971,0.2533415003128029,1.0,-0.3053464005004846
0.7214428857715431,7.3e+19,0.8068605659905395,0.7473298722805105,0.2526701277194895,1.0,-0.3042722043511832
0.7314629258517034,7.3e+19,0.8073413226094028,0.748001244873824,0.251998755126176,1.0,-0.3031980082018816
0.7414829659318638,7.3e+19,0.8078225578006057,0.7486726174671375,0.25132738253286246,1.0,-0.30212381205257993
0.7515030060120241,7.3e+19,0.80830427155881,0.749343990060451,0.25065600993954895,1.0,-0.30104961590327833
0.7615230460921844,7.3e+19,0.8087864638634723,0.7500153626537646,0.24998463734623544,1.0,-0.2999754197539767
0.7715430861723448,7.3e+19,0.8092691346788438,0.7506867352470781,0.24931326475292193,1.0,-0.2989012236046751
0.781563126252505,7.3e+19,0.8097522839539706,0.7513581078403916,0.2486418921596084,1.0,-0.2978270274553735
0.7915831663326653,7.3e+19,0.8102359116226935,0.7520294804337051,0.2479705195662949,1.0,-0.29675283130607183
0.8016032064128258,7.3e+19,0.8107200176036483,0.7527008530270185,0.2472991469729815,1.0,-0.2956786351567704
0.811623246492986,7.3e+19,0.8112046018002652,0.753372225620332,0.24662777437966799,1.0,-0.2946044390074688
0.8216432865731463,7.3e+19,0.8116896641007696,0.7540435982136455,0.24595640178635447,1.0,-0.29353024285816715
0.8316633266533066,7.3e+19,0.8121752043781812,0.754714970806959,0.24528502919304096,1.0,-0.29245604670886555
0.841683366733467,7.3e+19,0.8126612224903149,0.7553863434002726,0.24461365659972745,1.0,-0.2913818505595639
0.8517034068136272,7.3e+19,0.81314771827978,0.7560577159935861,0.24394228400641393,1.0,-0.2903076544102623
0.8617234468937875,7.3e+19,0.8136346915739809,0.7567290885868996,0.24327091141310042,1.0,-0.2892334582609607
0.871743486973948,7.3e+19,0.8141221421851166,0.757400461180213,0.24259953881978702,1.0,-0.2881592621116592
0.8817635270541082,7.3e+19,0.8146100699101808,0.7580718337735265,0.2419281662264735,1.0,-0.2870850659623576
0.8917835671342685,7.3e+19,0.8150984745309622,0.75874320636684,0.24125679363316,1.0,-0.286010869813056
0.9018036072144289,7.3e+19,0.8155873558140441,0.7594145789601535,0.24058542103984648,1.0,-0.28493667366375436
0.9118236472945892,7.3e+19,0.8160767135108045,0.760085951553467,0.23991404844653297,1.0,-0.28386247751445276
0.9218436873747495,7.3e+19,0.8165665473574163,0.7607573241467805,0.23924267585321946,1.0,-0.2827882813651511
0.9318637274549099,7.3e+19,0.8170568570748473,0.7614286967400941,0.23857130325990594,1.0,-0.2817140852158495
0.9418837675350702,7.3e+19,0.8175476423688598,0.7621000693334075,0.23789993066659254,1.0,-0.2806398890665481
0.9519038076152304,7.3e+19,0.818038902930011,0.762771441926721,0.23722855807327903,1.0,-0.2795656929172464
0.9619238476953909,7.3e+19,0.8185306384336529,0.7634428145200345,0.23655718547996551,1.0,-0.2784914967679448
0.9719438877755512,7.3e+19,0.8190228485399323,0.764114187113348,0.235885812886652,1.0,-0.2774173006186432
0.9819639278557114,7.3e+19,0.8195155328937906,0.7647855597066615,0.2352144402933385,1.0,-0.27634310446934157
0.9919839679358718,7.3e+19,0.8200086911249641,0.765456932299975,0.23454306770002498,1.0,-0.27526890832004
1.002004008016032,7.3e+19,0.8205023228479839,0.7661283048932885,0.23387169510671146,1.0,-0.2741947121707383
1.0120240480961924,7.3e+19,0.8209964276621757,0.7667996774866019,0.23320032251339806,1.0,-0.2731205160214369
1.0220440881763528,7.3e+19,0.8214910051516603,0.7674710500799156,0.23252894992008444,1.0,-0.2720463198721351
1.032064128256513,7.3e+19,0.8219860548853528,0.768142422673229,0.23185757732677104,1.0,-0.27097212372283364
1.0420841683366735,7.3e+19,0.8224815764169636,0.7688137952665425,0.23118620473345752,1.0,-0.26989792757353204
1.0521042084168337,7.3e+19,0.8229775692849974,0.769485167859856,0.230514832140144,1.0,-0.26882373142423044
1.062124248496994,7.3e+19,0.823474033012754,0.7701565404531695,0.2298434595468305,1.0,-0.2677495352749288
1.0721442885771544,7.3e+19,0.8239709671083278,0.770827913046483,0.22917208695351698,1.0,-0.2666753391256272
1.0821643286573146,7.3e+19,0.824468371064608,0.7714992856397965,0.22850071436020347,1.0,-0.26560114297632553
1.092184368737475,7.3e+19,0.8249662443592788,0.77217065823311,0.22782934176688996,1.0,-0.26452694682702393
1.1022044088176355,7.3e+19,0.8254645864548186,0.7728420308264234,0.22715796917357656,1.0,-0.2634527506777225
1.1122244488977955,7.3e+19,0.8259633967985012,0.773513403419737,0.22648659658026304,1.0,-0.26237855452842085
1.122244488977956,7.3e+19,0.8264626748223948,0.7741847760130505,0.22581522398694953,1.0,-0.26130435837911925
1.1322645290581164,7.3e+19,0.8269624199433624,0.774856148606364,0.22514385139363602,1.0,-0.26023016222981765
1.1422845691382766,7.3e+19,0.8274626315630621,0.7755275211996775,0.2244724788003225,1.0,-0.259155966080516
1.152304609218437,7.3e+19,0.8279633090679462,0.776198893792991,0.223801106207009,1.0,-0.2580817699312144
1.162324649298597,7.3e+19,0.8284644518292624,0.7768702663863045,0.22312973361369548,1.0,-0.25700757378191275
1.1723446893787575,7.3e+19,0.8289660592030528,0.7775416389796179,0.22245836102038208,1.0,-0.2559333776326113
1.182364729458918,7.3e+19,0.8294681305301541,0.7782130115729314,0.22178698842706857,1.0,-0.2548591814833097
1.1923847695390781,7.3e+19,0.8299706651361982,0.778884384166245,0.22111561583375505,1.0,-0.25378498533400806
1.2024048096192386,7.3e+19,0.8304736623316116,0.7795557567595585,0.22044424324044154,1.0,-0.25271078918470646
1.2124248496993988,7.3e+19,0.8309771214116154,0.780227129352872,0.21977287064712803,1.0,-0.25163659303540487
1.222444889779559,7.3e+19,0.8314810416562257,0.7808985019461855,0.21910149805381451,1.0,-0.2505623968861032
1.2324649298597194,7.3e+19,0.8319854223302533,0.781569874539499,0.218430125460501,1.0,-0.2494882007368016
1.24248496993988,7.3e+19,0.8324902626833037,0.7822412471328125,0.2177587528671875,1.0,-0.24841400458749996
1.25250501002004,7.3e+19,0.8329955619497773,0.782912619726126,0.21708738027387398,1.0,-0.24733980843819836
1.2625250501002003,7.3e+19,0.8335013193488693,0.7835839923194394,0.21641600768056057,1.0,-0.24626561228889693
1.2725450901803608,7.3e+19,0.8340075340845693,0.7842553649127529,0.21574463508724706,1.0,-0.24519141613959528
1.282565130260521,7.3e+19,0.8345142053456622,0.7849267375060665,0.21507326249393355,1.0,-0.24411721999029368
1.2925851703406814,7.3e+19,0.8350213323057273,0.78559811009938,0.21440188990062004,1.0,-0.24304302384099205
1.3026052104208419,7.3e+19,0.8355289141231388,0.7862694826926935,0.21373051730730652,1.0,-0.24196882769169042
1.3126252505010019,7.3e+19,0.8360369499410657,0.7869408552860069,0.21305914471399312,1.0,-0.240894631542389
1.3226452905811623,7.3e+19,0.8365454388874717,0.7876122278793205,0.2123877721206795,1.0,-0.23982043539308717
1.3326653306613228,7.3e+19,0.8370543800751152,0.7882836004726339,0.2117163995273661,1.0,-0.23874623924378574
1.342685370741483,7.3e+19,0.8375637726015497,0.7889549730659474,0.21104502693405258,1.0,-0.23767204309448414
1.3527054108216434,7.3e+19,0.8380736155491231,0.7896263456592609,0.21037365434073907,1.0,-0.2365978469451825
1.3627254509018036,7.3e+19,0.8385839079849782,0.7902977182525744,0.20970228174742556,1.0,-0.2355236507958809
1.3727454909819639,7.3e+19,0.8390946489610526,0.790969090845888,0.20903090915411204,1.0,-0.23444945464657926
1.3827655310621243,7.3e+19,0.8396058375140787,0.7916404634392015,0.20835953656079853,1.0,-0.23337525849727764
1.3927855711422847,7.3e+19,0.8401174726655836,0.792311836032515,0.20768816396748502,1.0,-0.23230106234797604
1.402805611222445,7.3e+19,0.8406295534218892,0.7929832086258284,0.20701679137417162,1.0,-0.23122686619867458
1.4128256513026052,7.3e+19,0.8411420787741122,0.7936545812191419,0.2063454187808581,1.0,-0.23015267004937295
1.4228456913827656,7.3e+19,0.841655047698164,0.7943259538124554,0.2056740461875446,1.0,-0.22907847390007136
1.4328657314629258,7.3e+19,0.8421684591547509,0.7949973264057689,0.20500267359423108,1.0,-0.2280042777507697
1.4428857715430863,7.3e+19,0.8426823120893738,0.7956686989990824,0.20433130100091756,1.0,-0.2269300816014681
1.4529058116232467,7.3e+19,0.8431966054323284,0.796340071592396,0.20365992840760405,1.0,-0.22585588545216648
1.4629258517034067,7.3e+19,0.8437113380987055,0.7970114441857095,0.20298855581429054,1.0,-0.22478168930286485
1.4729458917835672,7.3e+19,0.84422650898839,0.7976828167790229,0.20231718322097714,1.0,-0.22370749315356342
1.4829659318637276,7.3e+19,0.8447421169860623,0.7983541893723364,0.20164581062766362,1.0,-0.2226332970042618
1.4929859719438878,7.3e+19,0.8452581609611971,0.7990255619656499,0.2009744380343501,1.0,-0.22155910085496017
1.5030060120240483,7.3e+19,0.8457746397680641,0.7996969345589634,0.2003030654410366,1.0,-0.22048490470565857
1.5130260521042085,7.3e+19,0.8462915522457275,0.8003683071522769,0.19963169284772309,1.0,-0.21941070855635691
1.5230460921843687,7.3e+19,0.8468088972180466,0.8010396797455904,0.19896032025440957,1.0,-0.21833651240705532
1.5330661322645291,7.3e+19,0.8473266734936754,0.8017110523389039,0.19828894766109606,1.0,-0.2172623162577537
1.5430861723446896,7.3e+19,0.8478448798660625,0.8023824249322175,0.19761757506778255,1.0,-0.21618812010845206
1.5531062124248498,7.3e+19,0.8483635151134513,0.8030537975255309,0.19694620247446915,1.0,-0.21511392395915063
1.56312625250501,7.3e+19,0.8488825779988801,0.8037251701188444,0.19627482988115563,1.0,-0.214039727809849
1.5731462925851705,7.3e+19,0.8494020672701821,0.8043965427121579,0.19560345728784212,1.0,-0.21296553166054738
1.5831663326653307,7.3e+19,0.8499219816599847,0.8050679153054714,0.1949320846945286,1.0,-0.21189133551124578
1.5931863727454911,7.3e+19,0.8504423198857107,0.8057392878987849,0.1942607121012151,1.0,-0.21081713936194413
1.6032064128256516,7.3e+19,0.8509630806495775,0.8064106604920984,0.19358933950790158,1.0,-0.20974294321264253
1.6132264529058116,7.3e+19,0.851484262638597,0.8070820330854119,0.19291796691458807,1.0,-0.2086687470633409
1.623246492985972,7.3e+19,0.8520058645245763,0.8077534056787254,0.19224659432127456,1.0,-0.20759455091403928
1.6332665330661322,7.3e+19,0.8525278849641167,0.8084247782720388,0.19157522172796115,1.0,-0.20652035476473785
1.6432865731462927,7.3e+19,0.853050322598615,0.8090961508653524,0.19090384913464764,1.0,-0.20544615861543622
1.653306613226453,7.3e+19,0.8535731760542621,0.8097675234586659,0.19023247654133413,1.0,-0.2043719624661346
1.6633266533066131,7.3e+19,0.854096443942044,0.8104388960519794,0.18956110394802062,1.0,-0.203297766316833
1.6733466933867736,7.3e+19,0.8546201248577415,0.8111102686452929,0.1888897313547071,1.0,-0.20222357016753134
1.683366733466934,7.3e+19,0.8551442173819301,0.8117816412386064,0.1882183587613936,1.0,-0.20114937401822974
1.6933867735470942,7.3e+19,0.85566872007998,0.8124530138319199,0.18754698616808008,1.0,-0.20007517786892812
1.7034068136272544,7.3e+19,0.8561936315020563,0.8131243864252333,0.18687561357476667,1.0,-0.19900098171962666
1.7134268537074149,7.3e+19,0.8567189501831187,0.8137957590185468,0.18620424098145316,1.0,-0.19792678557032506
1.723446893787575,7.3e+19,0.857244674642922,0.8144671316118604,0.18553286838813965,1.0,-0.19685258942102343
1.7334669338677355,7.3e+19,0.8577708033860154,0.8151385042051739,0.18486149579482614,1.0,-0.1957783932717218
1.743486973947896,7.3e+19,0.858297334901743,0.8158098767984874,0.18419012320151262,1.0,-0.1947041971224202
1.753507014028056,7.3e+19,0.8588242676642437,0.8164812493918009,0.1835187506081991,1.0,-0.19363000097311855
1.7635270541082164,7.3e+19,0.8593516001324513,0.8171526219851144,0.1828473780148856,1.0,-0.19255580482381696
1.7735470941883769,7.3e+19,0.859879330750094,0.8178239945784278,0.1821760054215722,1.0,-0.19148160867451552
1.783567134268537,7.3e+19,0.8604074579456953,0.8184953671717413,0.18150463282825868,1.0,-0.19040741252521387
1.7935871743486975,7.3e+19,0.860935980132573,0.8191667397650548,0.18083326023494517,1.0,-0.18933321637591227
1.8036072144288577,7.3e+19,0.8614648957088398,0.8198381123583683,0.18016188764163166,1.0,-0.18825902022661065
1.813627254509018,7.3e+19,0.8619942030574034,0.8205094849516819,0.17949051504831814,1.0,-0.18718482407730902
1.8236472945891784,7.3e+19,0.862523900545966,0.8211808575449954,0.17881914245500463,1.0,-0.18611062792800742
1.8336673346693388,7.3e+19,0.8630539865270246,0.8218522301383089,0.17814776986169112,1.0,-0.18503643177870577
1.843687374749499,7.3e+19,0.8635844593378711,0.8225236027316224,0.1774763972683776,1.0,-0.18396223562940417
1.8537074148296593,7.3e+19,0.8641153173005921,0.8231949753249358,0.1768050246750642,1.0,-0.18288803948010274
1.8637274549098197,7.3e+19,0.8646465587220691,0.8238663479182493,0.1761336520817507,1.0,-0.18181384333080108
1.87374749498998,7.3e+19,0.865178181893978,0.8245377205115628,0.17546227948843718,1.0,-0.18073964718149949
1.8837675350701404,7.3e+19,0.86571018509279,0.8252090931048763,0.17479090689512367,1.0,-0.17966545103219786
1.8937875751503008,7.3e+19,0.8662425665797705,0.8258804656981898,0.17411953430181015,1.0,-0.17859125488289623
1.9038076152304608,7.3e+19,0.8667753246009802,0.8265518382915034,0.17344816170849664,1.0,-0.17751705873359463
1.9138276553106213,7.3e+19,0.8673084573872742,0.8272232108848168,0.17277678911518324,1.0,-0.17644286258429318
1.9238476953907817,7.3e+19,0.8678419631543026,0.8278945834781304,0.17210541652186961,1.0,-0.17536866643499138
1.933867735470942,7.3e+19,0.8683758401025102,0.8285659560714438,0.1714340439285562,1.0,-0.17429447028568995
1.9438877755511024,7.3e+19,0.8689100864171364,0.8292373286647573,0.1707626713352427,1.0,-0.1732202741363883
1.9539078156312626,7.3e+19,0.8694447002682156,0.8299087012580708,0.1700912987419292,1.0,-0.1721460779870867
1.9639278557114228,7.3e+19,0.869979679810577,0.8305800738513843,0.16941992614861567,1.0,-0.17107188183778507
1.9739478957915833,7.3e+19,0.8705150231838443,0.8312514464446978,0.16874855355530216,1.0,-0.16999768568848345
1.9839679358717437,7.3e+19,0.8710507285124363,0.8319228190380114,0.16807718096198865,1.0,-0.16892348953918185
1.993987975951904,7.3e+19,0.8715867939055661,0.8325941916313249,0.16740580836867514,1.0,-0.1678492933898802
2.004008016032064,7.3e+19,0.8721232174572422,0.8332655642246383,0.16673443577536173,1.0,-0.16677509724057876
2.0140280561122244,7.3e+19,0.8726599972462674,0.8339369368179518,0.16606306318204822,1.0,-0.16570090109127716
2.024048096192385,7.3e+19,0.8731971313362394,0.8346083094112653,0.1653916905887347,1.0,-0.1646267049419755
2.0340681362725452,7.3e+19,0.8737346177755508,0.8352796820045788,0.1647203179954212,1.0,-0.1635525087926739
2.0440881763527057,7.3e+19,0.8742724545973888,0.8359510545978923,0.16404894540210768,1.0,-0.16247831264337229
2.0541082164328657,7.3e+19,0.8748106398197354,0.8366224271912058,0.16337757280879417,1.0,-0.16140411649407066
2.064128256513026,7.3e+19,0.8753491714453675,0.8372937997845193,0.16270620021548066,1.0,-0.16032992034476906
2.0741482965931866,7.3e+19,0.8758880474618566,0.8379651723778327,0.16203482762216725,1.0,-0.1592557241954676
2.084168336673347,7.3e+19,0.876427265841569,0.8386365449711463,0.16136345502885374,1.0,-0.15818152804616598
2.094188376753507,7.3e+19,0.876966824541666,0.8393079175644598,0.16069208243554023,1.0,-0.15710733189686438
2.1042084168336674,7.3e+19,0.8775067215041032,0.8399792901577733,0.16002070984222672,1.0,-0.15603313574756272
2.114228456913828,7.3e+19,0.8780469546556315,0.8406506627510868,0.1593493372489132,1.0,-0.15495893959826113
2.124248496993988,7.3e+19,0.8785875219077963,0.8413220353444003,0.1586779646555997,1.0,-0.1538847434489595
2.1342685370741483,7.3e+19,0.8791284211569377,0.8419934079377138,0.15800659206228618,1.0,-0.15281054729965787
2.1442885771543088,7.3e+19,0.8796696502841908,0.8426647805310272,0.15733521946897278,1.0,-0.15173635115035644
2.1543086172344688,7.3e+19,0.8802112071554852,0.8433361531243408,0.15666384687565915,1.0,-0.15066215500105462
2.164328657314629,7.3e+19,0.8807530896215455,0.8440075257176543,0.15599247428234575,1.0,-0.1495879588517532
2.1743486973947896,7.3e+19,0.8812952955178911,0.8446788983109678,0.15532110168903224,1.0,-0.1485137627024516
2.18436873747495,7.3e+19,0.8818378226648359,0.8453502709042813,0.15464972909571872,1.0,-0.14743956655314994
2.1943887775551105,7.3e+19,0.8823806688674888,0.8460216434975948,0.1539783565024052,1.0,-0.14636537040384834
2.204408817635271,7.3e+19,0.8829238319157533,0.8466930160909083,0.1533069839090917,1.0,-0.1452911742545467
2.214428857715431,7.3e+19,0.883467309584328,0.8473643886842218,0.15263561131577819,1.0,-0.14421697810524509
2.224448897795591,7.3e+19,0.8840110996327057,0.8480357612775353,0.15196423872246467,1.0,-0.1431427819559435
2.2344689378757514,7.3e+19,0.8845551998051746,0.8487071338708487,0.15129286612915127,1.0,-0.14206858580664203
2.244488977955912,7.3e+19,0.8850996078308173,0.8493785064641622,0.15062149353583776,1.0,-0.1409943896573404
2.2545090180360723,7.3e+19,0.8856443214235113,0.8500498790574758,0.14995012094252425,1.0,-0.1399201935080388
2.2645290581162327,7.3e+19,0.8861893382819288,0.8507212516507893,0.14927874834921073,1.0,-0.13884599735873715
2.2745490981963927,7.3e+19,0.8867346560895368,0.8513926242441028,0.14860737575589722,1.0,-0.13777180120943555
2.284569138276553,7.3e+19,0.8872802725145971,0.8520639968374163,0.1479360031625837,1.0,-0.13669760506013393
2.2945891783567136,7.3e+19,0.8878261852101661,0.8527353694307298,0.1472646305692702,1.0,-0.1356234089108323
2.304609218436874,7.3e+19,0.8883723918140953,0.8534067420240432,0.1465932579759568,1.0,-0.13454921276153087
2.3146292585170345,7.3e+19,0.8889188899490307,0.8540781146173568,0.14592188538264317,1.0,-0.13347501661222905
2.324649298597194,7.3e+19,0.8894656772224131,0.8547494872106702,0.14525051278932977,1.0,-0.13240082046292762
2.3346693386773545,7.3e+19,0.8900127512264783,0.8554208598039837,0.14457914019601625,1.0,-0.13132662431362602
2.344689378757515,7.3e+19,0.8905601095382566,0.8560922323972973,0.14390776760270274,1.0,-0.13025242816432436
2.3547094188376754,7.3e+19,0.8911077497195731,0.8567636049906108,0.14323639500938923,1.0,-0.12917823201502276
2.364729458917836,7.3e+19,0.8916556693170478,0.8574349775839243,0.14256502241607572,1.0,-0.12810403586572114
2.3747494989979963,7.3e+19,0.8922038658620954,0.8581063501772377,0.1418936498227623,1.0,-0.12702983971641968
2.3847695390781563,7.3e+19,0.8927523368709255,0.8587777227705513,0.1412222772294487,1.0,-0.12595564356711791
2.3947895791583167,7.3e+19,0.8933010798445422,0.8594490953638647,0.1405509046361353,1.0,-0.12488144741781645
2.404809619238477,7.3e+19,0.8938500922687447,0.8601204679571782,0.13987953204282177,1.0,-0.12380725126851483
2.4148296593186376,7.3e+19,0.8943993716141265,0.8607918405504917,0.13920815944950826,1.0,-0.12273305511921322
2.4248496993987976,7.3e+19,0.8949489153360765,0.8614632131438053,0.13853678685619475,1.0,-0.12165885896991159
2.434869739478958,7.3e+19,0.8954987208747779,0.8621345857371188,0.13786541426288124,1.0,-0.12058466282060998
2.444889779559118,7.3e+19,0.8960487856552087,0.8628059583304322,0.13719404166956783,1.0,-0.11951046667130853
2.4549098196392785,7.3e+19,0.8965991070871421,0.8634773309237457,0.13652266907625432,1.0,-0.1184362705220069
2.464929859719439,7.3e+19,0.8971496825651454,0.8641487035170592,0.1358512964829408,1.0,-0.1173620743727053
2.4749498997995993,7.3e+19,0.8977005094685812,0.8648200761103727,0.1351799238896273,1.0,-0.11628787822340367
2.48496993987976,7.3e+19,0.8982515851616066,0.8654914487036862,0.13450855129631378,1.0,-0.11521368207410204
2.4949899799599202,7.3e+19,0.8988029069931738,0.8661628212969997,0.13383717870300027,1.0,-0.11413948592480043
2.50501002004008,7.3e+19,0.8993544722970294,0.8668341938903132,0.13316580610968676,1.0,-0.1130652897754988
2.5150300601202407,7.3e+19,0.8999062783917148,0.8675055664836268,0.13249443351637324,1.0,-0.11199109362619719
2.5250501002004007,7.3e+19,0.9004583225805664,0.8681769390769403,0.13182306092305973,1.0,-0.11091689747689557
2.535070140280561,7.3e+19,0.9010106021517152,0.8688483116702537,0.13115168832974633,1.0,-0.10984270132759412
2.5450901803607215,7.3e+19,0.9015631143780871,0.8695196842635672,0.13048031573643282,1.0,-0.10876850517829251
2.555110220440882,7.3e+19,0.9021158565174027,0.8701910568568807,0.1298089431431193,1.0,-0.10769430902899088
2.565130260521042,7.3e+19,0.9026688258121773,0.8708624294501942,0.1291375705498058,1.0,-0.10662011287968925
2.5751503006012024,7.3e+19,0.903222019489721,0.8715338020435077,0.12846619795649228,1.0,-0.10554591673038764
2.585170340681363,7.3e+19,0.9037754347621388,0.8722051746368212,0.12779482536317877,1.0,-0.10447172058108602
2.5951903807615233,7.3e+19,0.9043290688263305,0.8728765472301347,0.12712345276986525,1.0,-0.1033975244317844
2.6052104208416837,7.3e+19,0.9048829188639902,0.8735479198234483,0.12645208017655174,1.0,-0.10232332828248278
2.6152304609218437,7.3e+19,0.9054369820416075,0.8742192924167617,0.12578070758323834,1.0,-0.10124913213318133
2.6252505010020037,7.3e+19,0.9059912555104661,0.8748906650100752,0.12510933498992483,1.0,-0.10017493598387972
2.635270541082164,7.3e+19,0.9065457364066449,0.8755620376033887,0.12443796239661131,1.0,-0.0991007398345781
2.6452905811623246,7.3e+19,0.9071004218510175,0.8762334101967022,0.1237665898032978,1.0,-0.09802654368527647
2.655310621242485,7.3e+19,0.9076553089492522,0.8769047827900157,0.12309521720998429,1.0,-0.09695234753597486
2.6653306613226455,7.3e+19,0.9082103947918119,0.8775761553833292,0.12242384461667077,1.0,-0.09587815138667323
2.675350701402806,7.3e+19,0.9087656764539547,0.8782475279766426,0.12175247202335737,1.0,-0.09480395523737178
2.685370741482966,7.3e+19,0.909321150995733,0.8789189005699563,0.12108109943004375,1.0,-0.09372975908806999
2.6953907815631264,7.3e+19,0.9098768154619943,0.8795902731632697,0.12040972683673035,1.0,-0.09265556293876855
2.705410821643287,7.3e+19,0.9104326668823807,0.8802616457565832,0.11973835424341683,1.0,-0.09158136678946693
2.715430861723447,7.3e+19,0.9109887022713292,0.8809330183498967,0.11906698165010332,1.0,-0.09050717064016531
2.7254509018036073,7.3e+19,0.9115449186280716,0.8816043909432102,0.11839560905678981,1.0,-0.08943297449086368
2.7354709418837673,7.3e+19,0.9121013129366342,0.8822757635365237,0.1177242364634763,1.0,-0.08835877834156207
2.7454909819639277,7.3e+19,0.9126578821658384,0.8829471361298371,0.1170528638701629,1.0,-0.08728458219226062
2.755511022044088,7.3e+19,0.9132146232693001,0.8836185087231507,0.11638149127684927,1.0,-0.08621038604295883
2.7655310621242486,7.3e+19,0.9137715331854303,0.8842898813164641,0.11571011868353587,1.0,-0.08513618989365739
2.775551102204409,7.3e+19,0.9143286088374343,0.8849612539097776,0.11503874609022235,1.0,-0.08406199374435576
2.7855711422845695,7.3e+19,0.9148858471333126,0.8856326265030912,0.11436737349690884,1.0,-0.08298779759505415
2.7955911823647295,7.3e+19,0.91544324496586,0.8863039990964047,0.11369600090359533,1.0,-0.08191360144575252
2.80561122244489,7.3e+19,0.9160007992126669,0.8869753716897182,0.11302462831028182,1.0,-0.0808394052964509
2.81563126252505,7.3e+19,0.9165585067361176,0.8876467442830316,0.11235325571696841,1.0,-0.07976520914714946
2.8256513026052104,7.3e+19,0.9171163643833916,0.8883181168763452,0.11168188312365479,1.0,-0.07869101299784766
2.835671342685371,7.3e+19,0.9176743689864632,0.8889894894696586,0.11101051053034139,1.0,-0.07761681684854621
2.8456913827655312,7.3e+19,0.9182325173621011,0.8896608620629721,0.11033913793702788,1.0,-0.0765426206992446
2.8557114228456912,7.3e+19,0.9187908063118693,0.8903322346562856,0.10966776534371436,1.0,-0.07546842454994297
2.8657314629258517,7.3e+19,0.9193492326221261,0.8910036072495991,0.10899639275040085,1.0,-0.07439422840064136
2.875751503006012,7.3e+19,0.9199077930640249,0.8916749798429127,0.10832502015708734,1.0,-0.07332003225133973
2.8857715430861726,7.3e+19,0.9204664843935138,0.8923463524362262,0.10765364756377382,1.0,-0.07224583610203811
2.895791583166333,7.3e+19,0.9210253033513355,0.8930177250295397,0.10698227497046031,1.0,-0.0711716399527365
2.9058116232464934,7.3e+19,0.9215842466630275,0.8936890976228532,0.1063109023771468,1.0,-0.07009744380343487
2.915831663326653,7.3e+19,0.9221433110389224,0.8943604702161666,0.1056395297838334,1.0,-0.06902324765413342
2.9258517034068134,7.3e+19,0.9227024931741473,0.8950318428094801,0.10496815719051988,1.0,-0.06794905150483181
2.935871743486974,7.3e+19,0.923261789748624,0.8957032154027936,0.10429678459720637,1.0,-0.06687485535553019
2.9458917835671343,7.3e+19,0.9238211974270693,0.8963745879961071,0.10362541200389286,1.0,-0.06580065920622857
2.9559118236472948,7.3e+19,0.9243807128589944,0.8970459605894207,0.10295403941057935,1.0,-0.06472646305692695
2.965931863727455,7.3e+19,0.9249403326787058,0.8977173331827342,0.10228266681726583,1.0,-0.06365226690762532
2.975951903807615,7.3e+19,0.9255000535053042,0.8983887057760477,0.10161129422395232,1.0,-0.06257807075832371
2.9859719438877756,7.3e+19,0.9260598719426857,0.8990600783693612,0.10093992163063881,1.0,-0.06150387460902208
2.995991983967936,7.3e+19,0.9266197845795405,0.8997314509626746,0.1002685490373254,1.0,-0.06042967845972064
3.0060120240480965,7.3e+19,0.9271797879893542,0.9,0.09999999999999998,1.0,-0.059999999999999956
3.0160320641282565,7.3e+19,0.9277398787304066,0.9,0.09999999999999998,1.0,-0.059999999999999956
3.026052104208417,7.3e+19,0.9283000533457728,0.9,0.09999999999999998,1.0,-0.059999999999999956
3.036072144288577,7.3e+19,0.9288603083633222,0.9,0.09999999999999998,1.0,-0.059999999999999956
3.0460921843687374,7.3e+19,0.9294206402957195,0.9,0.09999999999999998,1.0,-0.059999999999999956
3.056112224448898,7.3e+19,0.9299810456404235,0.9,0.09999999999999998,1.0,-0.059999999999999956
3.0661322645290583,7.3e+19,0.9305415208796882,0.9,0.09999999999999998,1.0,-0.059999999999999956
3.0761523046092187,7.3e+19,0.9311020624805626,0.9,0.09999999999999998,1.0,-0.059999999999999956
3.086172344689379,7.3e+19,0.9316626668948897,0.9,0.09999999999999998,1.0,-0.059999999999999956
3.096192384769539,7.3e+19,0.9322233305593082,0.9,0.09999999999999998,1.0,-0.059999999999999956
3.1062124248496996,7.3e+19,0.9327840498952508,0.9,0.09999999999999998,1.0,-0.059999999999999956
3.1162324649298596,7.3e+19,0.9333448213089455,0.9,0.09999999999999998,1.0,-0.059999999999999956
3.12625250501002,7.3e+19,0.9339056411914146,0.9,0.09999999999999998,1.0,-0.059999999999999956
3.1362725450901805,7.3e+19,0.9344665059184758,0.9,0.09999999999999998,1.0,-0.059999999999999956
3.146292585170341,7.3e+19,0.9350274118507409,0.9,0.09999999999999998,1.0,-0.059999999999999956
3.156312625250501,7.3e+19,0.9355883553336168,0.9,0.09999999999999998,1.0,-0.059999999999999956
3.1663326653306614,7.3e+19,0.9361493326973054,0.9,0.09999999999999998,1.0,-0.059999999999999956
3.176352705410822,7.3e+19,0.9367103402568027,0.9,0.09999999999999998,1.0,-0.059999999999999956
3.1863727454909823,7.3e+19,0.9372713743119002,0.9,0.09999999999999998,1.0,-0.059999999999999956
3.1963927855711427,7.3e+19,0.9378324311471838,0.9,0.09999999999999998,1.0,-0.059999999999999956
3.206412825651303,7.3e+19,0.9383935070320343,0.9,0.09999999999999998,1.0,-0.059999999999999956
3.2164328657314627,7.3e+19,0.9389545982206269,0.9,0.09999999999999998,1.0,-0.059999999999999956
3.226452905811623,7.3e+19,0.9395157009519322,0.9,0.09999999999999998,1.0,-0.059999999999999956
3.2364729458917836,7.3e+19,0.940076811449715,0.9,0.09999999999999998,1.0,-0.059999999999999956
3.246492985971944,7.3e+19,0.9406379259225353,0.9,0.09999999999999998,1.0,-0.059999999999999956
3.2565130260521045,7.3e+19,0.9411990405637477,0.9,0.09999999999999998,1.0,-0.059999999999999956
3.2665330661322645,7.3e+19,0.9417601515515013,0.9,0.09999999999999998,1.0,-0.059999999999999956
3.276553106212425,7.3e+19,0.9423212550487405,0.9,0.09999999999999998,1.0,-0.059999999999999956
3.2865731462925853,7.3e+19,0.9428823472032041,0.9,0.09999999999999998,1.0,-0.059999999999999956
3.296593186372746,7.3e+19,0.9434434241474258,0.9,0.09999999999999998,1.0,-0.059999999999999956
3.306613226452906,7.3e+19,0.9440044819987339,0.9,0.09999999999999998,1.0,-0.059999999999999956
3.3166332665330662,7.3e+19,0.9445655168592517,0.9,0.09999999999999998,1.0,-0.059999999999999956
3.3266533066132262,7.3e+19,0.9451265248158973,0.9,0.09999999999999998,1.0,-0.059999999999999956
3.3366733466933867,7.3e+19,0.9456875019403833,0.9,0.09999999999999998,1.0,-0.059999999999999956
3.346693386773547,7.3e+19,0.946248387148014,0.9,0.09999999999999998,1.0,-0.059999999999999956
3.3567134268537075,7.3e+19,0.9468088834234992,0.9,0.09999999999999998,1.0,-0.059999999999999956
3.366733466933868,7.3e+19,0.9473689490486813,0.9,0.09999999999999998,1.0,-0.059999999999999956
3.3767535070140284,7.3e+19,0.9479285843536354,0.9,0.09999999999999998,1.0,-0.059999999999999956
3.3867735470941884,7.3e+19,0.9484877896682019,0.9,0.09999999999999998,1.0,-0.059999999999999956
3.396793587174349,7.3e+19,0.9490465653219867,0.9,0.09999999999999998,1.0,-0.059999999999999956
3.406813627254509,7.3e+19,0.949604911644361,0.9,0.09999999999999998,1.0,-0.059999999999999956
3.4168336673346693,7.3e+19,0.9501628289644611,0.9,0.09999999999999998,1.0,-0.059999999999999956
3.4268537074148298,7.3e+19,0.9507203176111888,0.9,0.09999999999999998,1.0,-0.059999999999999956
3.43687374749499,7.3e+19,0.951277377913211,0.9,0.09999999999999998,1.0,-0.059999999999999956
3.44689378757515,7.3e+19,0.9518340101989599,0.9,0.09999999999999998,1.0,-0.059999999999999956
3.4569138276553106,7.3e+19,0.9523902147966331,0.9,0.09999999999999998,1.0,-0.059999999999999956
3.466933867735471,7.3e+19,0.9529459920341936,0.9,0.09999999999999998,1.0,-0.059999999999999956
3.4769539078156315,7.3e+19,0.9535013422393693,0.9,0.09999999999999998,1.0,-0.059999999999999956
3.486973947895792,7.3e+19,0.9540562657396537,0.9,0.09999999999999998,1.0,-0.059999999999999956
3.4969939879759524,7.3e+19,0.9546107628623056,0.9,0.09999999999999998,1.0,-0.059999999999999956
3.507014028056112,7.3e+19,0.955164833934349,0.9,0.09999999999999998,1.0,-0.059999999999999956
3.5170340681362724,7.3e+19,0.9557184792825731,0.9,0.09999999999999998,1.0,-0.059999999999999956
3.527054108216433,7.3e+19,0.9562716992335327,0.9,0.09999999999999998,1.0,-0.059999999999999956
3.5370741482965933,7.3e+19,0.9568244941135475,0.9,0.09999999999999998,1.0,-0.059999999999999956
3.5470941883767537,7.3e+19,0.9573768642487027,0.9,0.09999999999999998,1.0,-0.059999999999999956
3.557114228456914,7.3e+19,0.9579288099648487,0.9,0.09999999999999998,1.0,-0.059999999999999956
3.567134268537074,7.3e+19,0.9584803315876015,0.9,0.09999999999999998,1.0,-0.059999999999999956
3.5771543086172346,7.3e+19,0.9590314294423419,0.9,0.09999999999999998,1.0,-0.059999999999999956
3.587174348697395,7.3e+19,0.9595821038542163,0.9,0.09999999999999998,1.0,-0.059999999999999956
3.5971943887775555,7.3e+19,0.9601323551481362,0.9,0.09999999999999998,1.0,-0.059999999999999956
3.6072144288577155,7.3e+19,0.9606821836487788,0.9,0.09999999999999998,1.0,-0.059999999999999956
3.617234468937876,7.3e+19,0.9612315896805862,0.9,0.09999999999999998,1.0,-0.059999999999999956
3.627254509018036,7.3e+19,0.9617805735677658,0.9,0.09999999999999998,1.0,-0.059999999999999956
3.6372745490981964,7.3e+19,0.9623291356342903,0.9,0.09999999999999998,1.0,-0.059999999999999956
3.647294589178357,7.3e+19,0.9628772762038982,0.9,0.09999999999999998,1.0,-0.059999999999999956
3.6573146292585172,7.3e+19,0.9634249956000924,0.9,0.09999999999999998,1.0,-0.059999999999999956
3.6673346693386777,7.3e+19,0.9639722941461418,0.9,0.09999999999999998,1.0,-0.059999999999999956
3.677354709418838,7.3e+19,0.9645191721650803,0.9,0.09999999999999998,1.0,-0.059999999999999956
3.687374749498998,7.3e+19,0.9650656299797071,0.9,0.09999999999999998,1.0,-0.059999999999999956
3.6973947895791586,7.3e+19,0.9656116679125869,0.9,0.09999999999999998,1.0,-0.059999999999999956
3.7074148296593186,7.3e+19,0.9661572862860492,0.9,0.09999999999999998,1.0,-0.059999999999999956
3.717434869739479,7.3e+19,0.9667024854221895,0.9,0.09999999999999998,1.0,-0.059999999999999956
3.7274549098196395,7.3e+19,0.9672472656428679,0.9,0.09999999999999998,1.0,-0.059999999999999956
3.7374749498997994,7.3e+19,0.9677916272697101,0.9,0.09999999999999998,1.0,-0.059999999999999956
3.74749498997996,7.3e+19,0.9683355706241074,0.9,0.09999999999999998,1.0,-0.059999999999999956
3.7575150300601203,7.3e+19,0.9688790960272157,0.9,0.09999999999999998,1.0,-0.059999999999999956
3.7675350701402808,7.3e+19,0.9694222037999567,0.9,0.09999999999999998,1.0,-0.059999999999999956
3.777555110220441,7.3e+19,0.9699648942630174,0.9,0.09999999999999998,1.0,-0.059999999999999956
3.7875751503006017,7.3e+19,0.9705071677368496,0.9,0.09999999999999998,1.0,-0.059999999999999956
3.7975951903807617,7.3e+19,0.9710490245416712,0.9,0.09999999999999998,1.0,-0.059999999999999956
3.8076152304609217,7.3e+19,0.9715904649974645,0.9,0.09999999999999998,1.0,-0.059999999999999956
3.817635270541082,7.3e+19,0.9721314894239778,0.9,0.09999999999999998,1.0,-0.059999999999999956
3.8276553106212425,7.3e+19,0.9726720981407242,0.9,0.09999999999999998,1.0,-0.059999999999999956
3.837675350701403,7.3e+19,0.9732122914669824,0.9,0.09999999999999998,1.0,-0.059999999999999956
3.8476953907815634,7.3e+19,0.9737520697217964,0.9,0.09999999999999998,1.0,-0.059999999999999956
3.8577154308617234,7.3e+19,0.9742914332239752,0.9,0.09999999999999998,1.0,-0.059999999999999956
3.867735470941884,7.3e+19,0.9748303822920933,0.9,0.09999999999999998,1.0,-0.059999999999999956
3.8777555110220443,7.3e+19,0.9753689172444905,0.9,0.09999999999999998,1.0,-0.059999999999999956
3.8877755511022047,7.3e+19,0.9759070383992718,0.9,0.09999999999999998,1.0,-0.059999999999999956
3.8977955911823647,7.3e+19,0.9764447460743078,0.9,0.09999999999999998,1.0,-0.059999999999999956
3.907815631262525,7.3e+19,0.9769820405872337,0.9,0.09999999999999998,1.0,-0.059999999999999956
3.917835671342685,7.3e+19,0.9775189222554507,0.9,0.09999999999999998,1.0,-0.059999999999999956
3.9278557114228456,7.3e+19,0.978055391396125,0.9,0.09999999999999998,1.0,-0.059999999999999956
3.937875751503006,7.3e+19,0.9785914483261879,0.9,0.09999999999999998,1.0,-0.059999999999999956
3.9478957915831665,7.3e+19,0.9791270933623365,0.9,0.09999999999999998,1.0,-0.059999999999999956
3.957915831663327,7.3e+19,0.9796623268210327,0.9,0.09999999999999998,1.0,-0.059999999999999956
3.9679358717434874,7.3e+19,0.9801971490185039,0.9,0.09999999999999998,1.0,-0.059999999999999956
3.9779559118236474,7.3e+19,0.9807315602707427,0.9,0.09999999999999998,1.0,-0.059999999999999956
3.987975951903808,7.3e+19,0.9812655608935071,0.9,0.09999999999999998,1.0,-0.059999999999999956
3.997995991983968,7.3e+19,0.9817991512023205,0.9,0.09999999999999998,1.0,-0.059999999999999956
4.008016032064128,7.3e+19,0.9823323315124712,0.9,0.09999999999999998,1.0,-0.059999999999999956
4.018036072144288,7.3e+19,0.9828651021390132,0.9,0.09999999999999998,1.0,-0.059999999999999956
4.028056112224449,7.3e+19,0.9833974633967655,0.9,0.09999999999999998,1.0,-0.059999999999999956
4.038076152304609,7.3e+19,0.9839294156003127,0.9,0.09999999999999998,1.0,-0.059999999999999956
4.04809619238477,7.3e+19,0.9844609590640041,0.9,0.09999999999999998,1.0,-0.059999999999999956
4.05811623246493,7.3e+19,0.9849920941019551,0.9,0.09999999999999998,1.0,-0.059999999999999956
4.0681362725450905,7.3e+19,0.9855228210280459,0.9,0.09999999999999998,1.0,-0.059999999999999956
4.078156312625251,7.3e+19,0.9860531401559218,0.9,0.09999999999999998,1.0,-0.059999999999999956
4.088176352705411,7.3e+19,0.986583051798994,0.9,0.09999999999999998,1.0,-0.059999999999999956
4.098196392785571,7.3e+19,0.9871125562704385,0.9,0.09999999999999998,1.0,-0.059999999999999956
4.108216432865731,7.3e+19,0.9876416538831967,0.9,0.09999999999999998,1.0,-0.059999999999999956
4.118236472945892,7.3e+19,0.9881703449499754,0.9,0.09999999999999998,1.0,-0.059999999999999956
4.128256513026052,7.3e+19,0.9886986297832465,0.9,0.09999999999999998,1.0,-0.059999999999999956
4.138276553106213,7.3e+19,0.9892265086952475,0.9,0.09999999999999998,1.0,-0.059999999999999956
4.148296593186373,7.3e+19,0.9897539819979809,0.9,0.09999999999999998,1.0,-0.059999999999999956
4.158316633266534,7.3e+19,0.9902810500032146,0.9,0.09999999999999998,1.0,-0.059999999999999956
4.168336673346694,7.3e+19,0.9908077130224819,0.9,0.09999999999999998,1.0,-0.059999999999999956
4.1783567134268536,7.3e+19,0.9913339713670811,0.9,0.09999999999999998,1.0,-0.059999999999999956
4.188376753507014,7.3e+19,0.991859825348076,0.9,0.09999999999999998,1.0,-0.059999999999999956
4.198396793587174,7.3e+19,0.9923852752762958,0.9,0.09999999999999998,1.0,-0.059999999999999956
4.208416833667335,7.3e+19,0.9929103214623347,0.9,0.09999999999999998,1.0,-0.059999999999999956
4.218436873747495,7.3e+19,0.9934349642165523,0.9,0.09999999999999998,1.0,-0.059999999999999956
4.228456913827656,7.3e+19,0.9939592038490737,0.9,0.09999999999999998,1.0,-0.059999999999999956
4.238476953907815,7.3e+19,0.9944830406697889,0.9,0.09999999999999998,1.0,-0.059999999999999956
4.248496993987976,7.3e+19,0.9950064749883536,0.9,0.09999999999999998,1.0,-0.059999999999999956
4.258517034068136,7.3e+19,0.9955295071141885,0.9,0.09999999999999998,1.0,-0.059999999999999956
4.268537074148297,7.3e+19,0.9960521373564798,0.9,0.09999999999999998,1.0,-0.059999999999999956
4.278557114228457,7.3e+19,0.9965743660241788,0.9,0.09999999999999998,1.0,-0.059999999999999956
4.2885771543086175,7.3e+19,0.9970961934260021,0.9,0.09999999999999998,1.0,-0.059999999999999956
4.298597194388778,7.3e+19,0.9976176198704318,0.9,0.09999999999999998,1.0,-0.059999999999999956
4.3086172344689375,7.3e+19,0.998138645665715,0.9,0.09999999999999998,1.0,-0.059999999999999956
4.318637274549099,7.3e+19,0.9986592711198644,0.9,0.09999999999999998,1.0,-0.059999999999999956
4.328657314629258,7.3e+19,0.9991794965406577,0.9,0.09999999999999998,1.0,-0.059999999999999956
4.33867735470942,7.3e+19,0.9996993222356382,0.9,0.09999999999999998,1.0,-0.059999999999999956
4.348697394789579,7.3e+19,1.0002187485121141,0.9,0.09999999999999998,1.0,-0.059999999999999956
4.358717434869739,7.3e+19,1.0007377756771592,0.9,0.09999999999999998,1.0,-0.059999999999999956
4.3687374749499,7.3e+19,1.0012564040376124,0.9,0.09999999999999998,1.0,-0.059999999999999956
4.37875751503006,7.3e+19,1.0017746339000784,0.9,0.09999999999999998,1.0,-0.059999999999999956
4.388777555110221,7.3e+19,1.0022924655709262,0.9,0.09999999999999998,1.0,-0.059999999999999956
4.398797595190381,7.3e+19,1.0028098993562908,0.9,0.09999999999999998,1.0,-0.059999999999999956
4.408817635270542,7.3e+19,1.0033269355620729,0.9,0.09999999999999998,1.0,-0.059999999999999956
4.4188376753507015,7.3e+19,1.0038435744939371,0.9,0.09999999999999998,1.0,-0.059999999999999956
4.428857715430862,7.3e+19,1.0043598164573149,0.9,0.09999999999999998,1.0,-0.059999999999999956
4.438877755511022,7.3e+19,1.0048756617574017,0.9,0.09999999999999998,1.0,-0.059999999999999956
4.448897795591182,7.3e+19,1.0053911106991593,0.9,0.09999999999999998,1.0,-0.059999999999999956
4.458917835671343,7.3e+19,1.005906163587314,0.9,0.09999999999999998,1.0,-0.059999999999999956
4.468937875751503,7.3e+19,1.0064208207263579,0.9,0.09999999999999998,1.0,-0.059999999999999956
4.478957915831663,7.3e+19,1.0069350824205483,0.9,0.09999999999999998,1.0,-0.059999999999999956
4.488977955911824,7.3e+19,1.0074489489739071,0.9,0.09999999999999998,1.0,-0.059999999999999956
4.498997995991984,7.3e+19,1.007962420690223,0.9,0.09999999999999998,1.0,-0.059999999999999956
4.509018036072145,7.3e+19,1.008475497873048,0.9,0.09999999999999998,1.0,-0.059999999999999956
4.519038076152305,7.3e+19,1.008988180825701,0.9,0.09999999999999998,1.0,-0.059999999999999956
4.5290581162324655,7.3e+19,1.009500469851266,0.9,0.09999999999999998,1.0,-0.059999999999999956
4.539078156312625,7.3e+19,1.0100123652525914,0.9,0.09999999999999998,1.0,-0.059999999999999956
4.5490981963927855,7.3e+19,1.0105238673322916,0.9,0.09999999999999998,1.0,-0.059999999999999956
4.559118236472946,7.3e+19,1.011034976392746,0.9,0.09999999999999998,1.0,-0.059999999999999956
4.569138276553106,7.3e+19,1.0115456927360995,0.9,0.09999999999999998,1.0,-0.059999999999999956
4.579158316633267,7.3e+19,1.0120560166642623,0.9,0.09999999999999998,1.0,-0.059999999999999956
4.589178356713427,7.3e+19,1.0125659484789096,0.9,0.09999999999999998,1.0,-0.059999999999999956
4.599198396793587,7.3e+19,1.013075488481482,0.9,0.09999999999999998,1.0,-0.059999999999999956
4.609218436873748,7.3e+19,1.013584636973186,0.9,0.09999999999999998,1.0,-0.059999999999999956
4.619238476953908,7.3e+19,1.0140933942549923,0.9,0.09999999999999998,1.0,-0.059999999999999956
4.629258517034069,7.3e+19,1.0146017606276376,0.9,0.09999999999999998,1.0,-0.059999999999999956
4.6392785571142285,7.3e+19,1.0151097363916237,0.9,0.09999999999999998,1.0,-0.059999999999999956
4.649298597194388,7.3e+19,1.015617321847218,0.9,0.09999999999999998,1.0,-0.059999999999999956
4.659318637274549,7.3e+19,1.0161245172944526,0.9,0.09999999999999998,1.0,-0.059999999999999956
4.669338677354709,7.3e+19,1.0166313230331254,0.9,0.09999999999999998,1.0,-0.059999999999999956
4.67935871743487,7.3e+19,1.0171377393627994,0.9,0.09999999999999998,1.0,-0.059999999999999956
4.68937875751503,7.3e+19,1.0176437665828026,0.9,0.09999999999999998,1.0,-0.059999999999999956
4.699398797595191,7.3e+19,1.0181494049922288,0.9,0.09999999999999998,1.0,-0.059999999999999956
4.709418837675351,7.3e+19,1.0186546548899371,0.9,0.09999999999999998,1.0,-0.059999999999999956
4.719438877755511,7.3e+19,1.0191595165745513,0.9,0.09999999999999998,1.0,-0.059999999999999956
4.729458917835672,7.3e+19,1.019663990344461,0.9,0.09999999999999998,1.0,-0.059999999999999956
4.739478957915831,7.3e+19,1.0201680764978212,0.9,0.09999999999999998,1.0,-0.059999999999999956
4.7494989979959925,7.3e+19,1.0206717753325514,0.9,0.09999999999999998,1.0,-0.059999999999999956
4.759519038076152,7.3e+19,1.0211750871463372,0.9,0.09999999999999998,1.0,-0.059999999999999956
4.7695390781563125,7.3e+19,1.0216780122366291,0.9,0.09999999999999998,1.0,-0.059999999999999956
4.779559118236473,7.3e+19,1.0221805509006434,0.9,0.09999999999999998,1.0,-0.059999999999999956
4.789579158316633,7.3e+19,1.022682703435361,0.9,0.09999999999999998,1.0,-0.059999999999999956
4.799599198396794,7.3e+19,1.0231844701375281,0.9,0.09999999999999998,1.0,-0.059999999999999956
4.809619238476954,7.3e+19,1.023685851303657,0.9,0.09999999999999998,1.0,-0.059999999999999956
4.819639278557115,7.3e+19,1.0241868472300246,0.9,0.09999999999999998,1.0,-0.059999999999999956
4.829659318637275,7.3e+19,1.024687458212673,0.9,0.09999999999999998,1.0,-0.059999999999999956
4.839679358717435,7.3e+19,1.0251876845474104,0.9,0.09999999999999998,1.0,-0.059999999999999956
4.849699398797595,7.3e+19,1.025687526529809,0.9,0.09999999999999998,1.0,-0.059999999999999956
4.859719438877756,7.3e+19,1.0261869844552076,0.9,0.09999999999999998,1.0,-0.059999999999999956
4.869739478957916,7.3e+19,1.0266860586187097,0.9,0.09999999999999998,1.0,-0.059999999999999956
4.8797595190380765,7.3e+19,1.0271847493151838,0.9,0.09999999999999998,1.0,-0.059999999999999956
4.889779559118236,7.3e+19,1.027683056839264,0.9,0.09999999999999998,1.0,-0.059999999999999956
4.899799599198397,7.3e+19,1.0281809814853502,0.9,0.09999999999999998,1.0,-0.059999999999999956
4.909819639278557,7.3e+19,1.0286785235476064,0.9,0.09999999999999998,1.0,-0.059999999999999956
4.919839679358718,7.3e+19,1.0291756833199632,0.9,0.09999999999999998,1.0,-0.059999999999999956
4.929859719438878,7.3e+19,1.0296724610961154,0.9,0.09999999999999998,1.0,-0.059999999999999956
4.939879759519037,7.3e+19,1.0301688571695238,0.9,0.09999999999999998,1.0,-0.059999999999999956
4.949899799599199,7.3e+19,1.0306648718334142,0.9,0.09999999999999998,1.0,-0.059999999999999956
4.959919839679358,7.3e+19,1.0311605053807775,0.9,0.09999999999999998,1.0,-0.059999999999999956
4.96993987975952,7.3e+19,1.0316557581043704,0.9,0.09999999999999998,1.0,-0.059999999999999956
4.979959919839679,7.3e+19,1.0321506302967147,0.9,0.09999999999999998,1.0,-0.059999999999999956
4.9899799599198404,7.3e+19,1.0326451222500972,0.9,0.09999999999999998,1.0,-0.059999999999999956
5.0,7.3e+19,1.0331392342565702,0.9,0.09999999999999998,1.0,-0.059999999999999956
